rep,f1,recall,precision
0,0.9254471322929236,0.9129128776453971,0.9469763592276291
1,0.9257371925332138,0.9129820222942115,0.9469744088930832
2,0.9235326264536129,0.9103254789146883,0.9457864201171281
3,0.9253307961158513,0.9121202402128216,0.9472777222636881
