rep,f1,recall,precision
0,0.9322814352131532,0.9209481010845564,0.952961454039829
1,0.9412423250459722,0.9319219997630058,0.9587035273692591
2,0.9346704312103707,0.9216331992444329,0.9564731048385207
3,0.9389183672123546,0.9304315050878481,0.9563286970177138
4,0.9353115908638074,0.9227815820039627,0.957592715731087
