rep,f1,recall,precision,f1_pathway,recall_pathway,precision_pathway,f1_superclass,recall_superclass,precision_superclass,f1_class,recall_class,precision_class
0,0.9300567831649167,0.9165577934595657,0.9529342976061518,1.0,1.0,1.0,0.9591739134593839,0.9455369849017505,0.9770318473393922,0.9263337704036729,0.9126851147427482,0.9500116648845469
