metrics,Biosynthesis of alkaloids derived from histidine and purine,"Biosynthesis of alkaloids derived from ornithine, lysine and nicotinic acid",Biosynthesis of alkaloids derived from shikimate pathway,Biosynthesis of plant hormones,Biosynthesis of type II polyketide backbone,Brassinosteroid biosynthesis,Caffeine metabolism,Carotenoid biosynthesis,Diterpenoid biosynthesis,Flavone and flavonol biosynthesis,Flavonoid biosynthesis,Indole alkaloid biosynthesis,Isoflavonoid biosynthesis,Isoquinoline alkaloid biosynthesis,Monoterpenoid biosynthesis,Phenylpropanoid biosynthesis,Porphyrin metabolism,Steroid biosynthesis,Terpenoid backbone biosynthesis,"Tropane, piperidine and pyridine alkaloid biosynthesis",Zeatin biosynthesis
f1,0.6666666666666666,0.5555555555555556,0.4166666666666667,0.0,0.8,1.0,0.8,0.8928571428571429,0.8837209302325582,0.8421052631578947,0.6956521739130435,0.8947368421052632,0.8461538461538461,0.8181818181818182,0.7777777777777778,0.8,0.8627450980392157,0.9565217391304348,0.7142857142857143,0.8,0.8333333333333334
recall,0.5,0.5,0.4166666666666667,0.0,0.8,1.0,0.6666666666666666,1.0,0.7916666666666666,0.8,0.6153846153846154,0.8095238095238095,0.9166666666666666,0.6923076923076923,0.6363636363636364,0.8181818181818182,0.8148148148148148,1.0,0.625,0.7692307692307693,0.8333333333333334
precision,1.0,0.625,0.4166666666666667,0.0,0.8,1.0,1.0,0.8064516129032258,1.0,0.8888888888888888,0.8,1.0,0.7857142857142857,1.0,1.0,0.782608695652174,0.9166666666666666,0.9166666666666666,0.8333333333333334,0.8333333333333334,0.8333333333333334
